{
  "api_accessRestricted": "Zugriff verweigert.",
  "api_badLogin": "Ungültiger Benutzername oder Passwort.",
  "api_firstLoginWarn": "Dies ist deine erste Anmeldung, gehe in die Einstellungen und ändere dein Passwort.",
  "api_firstLogin": "Gehe in die Einstellungen und erstelle dein erstes Board.",
  "api_invalidToken": "Ungültiger Zugriffstoken.",
  "api_loggedOut": "Du wurdest abgemeldet.",
  "api_noAttachmentId": "Keine Anlage gefunden für ID ",
  "api_noAttachmentHash": "Keine Anlage gefunden für Hash ",
  "api_attachmentFailed": "Fehler beim Anlegen einer Anlage. Bitte versuche es erneut.",
  "api_attachmentSucceed": "Anlage hinzugefügt.",
  "api_uploadFailed": "Fehler beim Hochladen einer Anlage. Bitte versuche es erneut.",
  "api_attachmentPermission": "Du hast nicht die Rechte, um diese Anlage zu löschen.",
  "api_attachmentNoRemove": "Fehler beim Löschen einer Anlage. Keine Anlage gefunden für ID ",
  "api_attachmentRemoved": "Anlage gelöscht ",
  "api_noActions": "Keine Automatischen Aktionen in der Datenbank.",
  "api_actionError": "Fehler beim Erstellen einer automatischen Aktion. Bitte prüfe deine Eingaben und versuche es erneut.",
  "api_actionAdded": "Automatische Aktion erstellt.",
  "api_actionRemoveError": "Fehler beim Löschen einer Aktion. Keine Aktion gefunden für ID ",
  "api_actionRemoved": "Automatische Aktion entfernt.",
  "api_noBoards": "Keine Boards in der Datenbank.",
  "api_noBoardId": "Kein Board gefunden für ID ",
  "api_boardError": "Fehler beim Erstellen eines Boards. Bitte prüfe deine Eingaben und versuche es erneut.",
  "api_boardAdded": "Board erstellt ",
  "api_boardUpdateError": "Fehler beim Ändern eines Boards. Bitte prüfe deine Eingaben und versuche es erneut.",
  "api_boardUpdated": "Board geändert ",
  "api_boardRemoveError": "Fehler beim Löschen eines Boards. Kein Board gefunden für ID ",
  "api_boardRemoved": "Board gelöscht ",
  "api_noColumnId": "Keine Spalte gefunden für ID ",
  "api_columnError": "Fehler beim Erstellen einer Spalte. Bitte versuche es erneut.",
  "api_columnAdded": "Spalte hinzugefügt ",
  "api_columnUpdateError": "Fehler beim Ändern einer Spalte. Bitte versuche es erneut.",
  "api_columnUpdated": "Column updated ",
  "api_columnRemoveError": "Fehler beim Löschen einer Spalte. Keine Spalte gefunden für ID ",
  "api_columnRemoved": "Spalte entfernt ",
  "api_noCommentId": "Kein Kommentar gefunden für ID ",
  "api_commentError": "Fehler beim Anlegen eines Kommentars. Bitte versuche es erneut.",
  "api_commentAdded": "Kommentar hinzugefügt.",
  "api_commentUpdateError": "Fehler beim Ändern eines Kommentars. Bitte versuche es erneut.",
  "api_commentUpdated": "Kommentar geändert.",
  "api_commentRemoveError": "Fehler beim Löschen eines Kommentars. Kein Kommentar gefunden für ID ",
  "api_commentRemoved": "Kommentar gelöscht.",
  "api_noTaskId": "Keine Aufgabe gefunden für ID ",
  "api_taskError": "Fehler beim Anlegen einer Aufgabe. Bitte prüfe deine Eingaben und versuche es erneut.",
  "api_taskAdded": "Aufgabe hinzugefügt ",
  "api_taskUpdateError": "Fehler beim Ändern einer Aufgabe. Bitte versuche es erneut.",
  "api_taskUpdated": "Aufgabe geändert ",
  "api_taskRemoveError": "Error removing task. No task found for ID ",
  "api_taskRemoved": "Aufgabe gelöscht ",
  "api_taskAutoColor": "Aufgabenfarbe durch automatische Aktion geändert.",
  "api_taskAutoCategory": "Aufgabenkategorie durch automatische Aktion geändert.",
  "api_taskAutoAssignee": "Aufgabenbearbeiter durch automatische Aktion geändert.",
  "api_taskAutoDate": "Fälligkeitsdatum durch automatische Aktion geändert.",
  "api_noUserId": "Keinen Benutzer gefunden für ID ",
  "api_userError": "Fehler beim Anlegen eines Benutzers. Bitte prüfe deine Eingaben und versuche es erneut.",
  "api_userAdded": "Benutzer angelegt ",
  "api_userUpdateError": "Fehler beim Ändern eines Benutzers. Bitte prüfe deine Eingaben und versuche es erneut.",
  "api_userUpdated": "Benutzer geändert ",
  "api_userOptError": "Fehler beim Ändern der Benutzereinstellungen. Bitte prüfe deine Eingaben und versuche es erneut.",
  "api_userOptUpdated": "Benutzereinstellungen geändert.",
  "api_userRemoveError": "Fehler beim Löschen eines Benutzers. Keinen Benutzer gefunden für ID ",
  "api_userRemoved": "Benutzer gelöscht ",
  "api_usernameExists": "Benutzername existiert bereits. Ändere den Benutzernamen und versuche es erneut.",
  "api_userBadPword": "Fehler beim Ändern eines Benutzers. Falsches aktuelles Passwort.",

  "mail_sent": "E-Mail versandt.",
  "mail_error": "E-Mail konnte nicht versandt werden.",
  "mail_subject": "TaskBoard Benachrichtigung",

  "mail_template_openBoardLink": "<br><br><a href=\"%hostUrl%/boards/%boardId%\">TaskBoard aufrufen</a>",

  "mail_template_newBoard": "%username% hat das Board %boardName% hinzugefügt.",
  "mail_template_newComment": "%username% hat einen Kommentar in Board %boardName% hinzugefügt.<br>Aufgabe: %taskName%<br>Kommentar: %comment%",
  "mail_template_newTask": "%username% hat eine Aufgabe in Board %boardName% hinzugefügt.<br>Aufgabe: %taskName%<br>Beschreibung: %taskDescription%<br>Fälligkeitsdatum: %taskDueDate%<br>Bearbeiter: %taskAssignees%<br>Kategorien: %taskCategories%<br>Punkte: %taskPoints%<br>Spalte: %taskColumnName%<br>Position: %taskPosition%",

  "mail_template_editBoard": "%username% hat das Board %boardName% bearbeitet.",
  "mail_template_editComment": "%username% hat einen Kommentar in Board %boardName% geändert.<br>Aufgabe: %taskName%<br>Kommentar: %comment%",
  "mail_template_editTask": "%username% hat eine Aufgabe in Board %boardName% geändert.<br>Aufgabe: %taskName%<br>Beschreibung: %taskDescription%<br>Fälligkeitsdatum: %taskDueDate%<br>Bearbeiter: %taskAssignees%<br>Kategorien: %taskCategories%<br>Punkte: %taskPoints%<br>Spalte: %taskColumnName%<br>Position: %taskPosition%",

  "mail_template_removeBoard": "%username% hat das Board %boardName% gelöscht.",
  "mail_template_removeComment": "%username% hat einen Kommentar entfernt in Board %boardName%.<br>Aufgabe: %taskName%",
  "mail_template_removeTask": "%username% hat eine Aufgabe entfernt in Board %boardName%<br>Aufgabe: %taskName%"
}
