{
  "reset": "Reiniciar",
  "none": "Nada",
  "yes": "Sí",
  "no": "No",
  "save": "Guardar",
  "cancel": "Cancelar",
  "sortBy": "Ordenar por",
  "loading": "Cargando",

  "dashboard": "Salpicadero",
  "boards": "Tableros",
  "files": "Visor de Archivos",
  "attachment": "Adjunto archivo",
  "settings": "Configuración",
  "logout": "Cerrar Sesión",

  "settings_userSettings": "Mi Configuración",
  "settings_changePassword": "Cambiar Contraseña",
  "settings_currentPassword": "Contraseña Actual",
  "settings_newPassword": "Contraseña Nueva",
  "settings_verifyPassword": "Verficar Contraseña",
  "settings_changeUsername": "Cambiar Nombre de Usuario",
  "settings_newUsername": "Nuevo Nombre de Usuario",
  "settings_changeEmail": "Cambiar Email",
  "settings_newEmail": "Nuevo Email",
  "settings_blank": "En blanco para desactivar",
  "settings_globalOptions": "Opciones Globales",
  "settings_displayLanguage": "Idioma de la Pantalla",
  "settings_selectDefaultBoard": "Seleccionar Tablero Predeterminada",
  "settings_newTasks": "Nuevas tareas aparecen en la columna",
  "settings_bottom": "parte inferior",
  "settings_top": "parte superior",
  "settings_optionsDisplay": "¿Mostrar tareas lado a lado en columnas?",
  "settings_optionsAnimate": "¿Mostrar animaciones?",
  "settings_optionsAssignee": "¿Mostrar al cesionario en las tarjetas de tarea?",

  "settings_userAdmin": "Administración de Usuario",
  "settings_user": "Usuario",
  "settings_email": "Email",
  "settings_securityLevel": "Nivel de Seguridad",
  "settings_defaultBoard": "Tablero Predeterminada",
  "settings_actions": "Acciones",
  "settings_edit": "Editar",
  "settings_removeUser": "Eliminar Usuario",
  "settings_addUser": "Agregar Usuario",
  "settings_editUser": "Cambiar Usuario",
  "settings_saveUser": "Guardar Usuario",
  "settings_confirmUserRemoval": "Confirmar Eliminación del Usuario",
  "settings_removeUserWarning": "No se puede deshacer la eliminación de un usuario.",
  "settings_continue": "¿Continuar?",
  "settings_username": "Nombre de Usuario",
  "settings_password": "Contraseña",
  "settings_emailPlaceholder": "Nuevo Email - En blanco para deshabilitar",
  "settings_defaultBoardHelp": "La selección de una tarjeta predeterminada añade el usuario a esa tarjeta.",
  "settings_boardAccess": "Acceso a los Tableros",
  "settings_boardAdmin": "Administrador de los Tableros",
  "settings_admin": "Administrador",
  "settings_usernameRequired": "Se requiere nombre de usuario.",
  "settings_passwordRequired": "Se requiere contraseña.",
  "settings_verifyError": "La nueva contraseña y la contraseña de verificación no coinciden.",
  "settings_emailError": "Email no válida.",

  "settings_boardAdministration": "Administración de Tableros",
  "settings_currentBoards": "Tableros Actuales",
  "settings_showByUser": "Mostrar por Usuario",
  "settings_filterBy": "Filtrar por",
  "settings_allBoards": "Todos los Tableros",
  "settings_active": "Activo",
  "settings_inactive": "Inactiva",
  "settings_anyUser": "Cualquier Usuario",
  "settings_creationNew": "Creación (Nuevo Primero)",
  "settings_creationOld": "Creación (Viejo Primero)",
  "settings_name": "Nombre",
  "settings_columns": "Columnas",
  "settings_categories": "Categorías",
  "settings_users": "Usuarios",
  "settings_editBoard": "Cambiar Tablero",
  "settings_addBoard": "Agregar Tablero",
  "settings_removeBoard": "Eliminar Tablero",
  "settings_confirmBoardRemoval": "Confirmar Eliminación del Tablero",
  "settings_removeBoardWarning": "No se puede deshacer la eliminación de un tablero.",
  "settings_boardName": "Nombre del Tablero",
  "settings_removeColumn": "Eliminar Columna",
  "settings_columnName": "Nombre del Columna",
  "settings_addColumn": "Agregar Columna",
  "settings_removeCategory": "Eliminar Categoría",
  "settings_categoryName": "Nombre del Categoría",
  "settings_defaultTaskColor": "Color de Tarea Predeterminado",
  "settings_addCategory": "Agregar Categoría",
  "settings_issueTrackers": "Seguimiento de Incidencias",
  "settings_issueTrackersHelp": "Ejemplo URL: https://github.com/kiswa/TaskBoard/issues/%BUGID% Ejemplo RegExp: (?:Issue)?#(\\d+)",
  "settings_issueTrakcerUrl": "URL de Seguimiento de Incidencia: Utilice %BUGID% como marcador de posición",
  "settings_issueTrackerRegExp": "BUGID RegExp",
  "settings_addIssueTracker": "Agregar Seguimiento de Incidencia",
  "settings_selectUsers": "Seleccionar Usuarios",
  "settings_boardAdminMessage": "Incluyendo un Administrador de Tableros, hace de ellos un administrador de este tablero.",
  "settings_adminAccessMessage": "Los administradores tienen acceso a todas las tableros y no se enumeran aquí.",
  "settings_saveBoard": "Guardar Tablero",
  "settings_noBoards": "Usted no está asignado a ninguno tablero. Póngase en contacto con un usuario de administración para que se agregue a un tablero.",
  "settings_noBoardsAdmin": "No hay tablas actuales. Utilice el botón <strong>Agregar Tablero</strong> a continuación para agregar uno.",
  "settings_boardNameError": "El nombre del Tablero es obligatorio.",
  "settings_columnError": "Se requiere al menos una columna.",

  "settings_automaticActions": "Acciones Automáticas",
  "settings_currentAction": "Acción Actual",
  "settings_board": "Tablero",
  "settings_trigger": "Disparador",
  "settings_action": "Acción",
  "settings_remove": "Eliminar",
  "settings_inactiveBoardMessage": "Tablero inactivo.",
  "settings_removeAutoAction": "Eliminar Acción Automática",
  "settings_triggerMoveToColumn": "La tarea se mueve a la columna:",
  "settings_triggerAssignedToUser": "Tarea asignada al usuario:",
  "settings_triggerAddedToCategory": "Tarea añadida a la categoría:",
  "settings_triggerPointsChanged": "Los puntos de la tarea han cambiado.",
  "settings_actionSetColor": "Configurar el color de la tarea:",
  "settings_actionSetCategory": "Establecer categoría de tarea:",
  "settings_actionAddCategory": "Agregar categoría de tarea:",
  "settings_actionSetAssignee": "Establecer asignador de tareas:",
  "settings_actionAddAssignee": "Agregar asignador de tareas:",
  "settings_actionClearDueDate": "Borra la fecha de vencimiento de la tarea.",
  "settings_actionAlterColor": "Cambiar el color de la tarea por puntos.",
  "settings_addAction": "Agregar Acción",
  "settings_selectBoard": "Seleccionar el Tablero",
  "settings_selectTrigger": "Seleccionar Disparador",
  "settings_selectAction": "Seleccionar la Acción",
  "settings_selectColumn": "Seleccionar Columna",
  "settings_selectUser": "Seleccionar Usuario",
  "settings_selectCategory": "Seleccionar Categoría",
  "settings_selectAssignee": "Seleccionar Cesionario",
  "settings_alterByPoints": "Alterar color por puntos",
  "settings_noActions": "No hay acciones automáticas. Póngase en contacto con un usuario administrador para crear uno.",
  "settings_noActionsAdmin": "No hay acciones automáticas. Utilice el botón <strong>Agregar Acción</strong> de abajo para agregar uno.",

  "boards_selectBoard": "Seleccionar el Tablero",
  "boards_selectColumn": "Seleccionar la Columna",
  "boards_hideFiltered": "Ocultar los elementos filtrados",
  "boards_userFilter": "Filtro de usuario",
  "boards_categoryFilter": "Filtro de categoría",
  "boards_noBoards": "No Hay Tableros",
  "boards_noBoardsMessageUser": "Usted no está asignado a ninguno tablero. Póngase en contacto con un usuario administrador que se añade a un tablero.",
  "boards_noBoardsMessageAdmin": "Vaya a Configuración para crear un tablero.",
  "boards_noDefault": "Ningún Tablero Predeterminado",
  "boards_noDefaultMessage": "No ha seleccionado una tarjeta predeterminada. Puede seleccionar una tarjeta predeterminada en su",
  "boards_noDefaultMessage2": "Hasta entonces, seleccione un tablero de la lista anterior.",

  "boards_collapseAllTasks": "Contraer Todas las Tareas",
  "boards_expandAllTasks": "Expandir Todas las Tareas",
  "boards_tasksInColumn": "Tareas en la Columna",
  "boards_expandColumn": "Expandir Columna",
  "boards_collapseColumn": "Contraer Columna",
  "boards_editTaskLimit": "Editar Límite de Tareas",
  "boards_noLimit": "sin límite",
  "boards_limitCancel": "Cancelar Cambios",
  "boards_limitSave": "Guardar Cambios",
  "boards_quickAdd": "Tarea de Añadir Rápido - Sólo Título",
  "boards_confirmRemoveTask": "Confirmar la Eliminación de Tarea",
  "boards_confirmWarning": "No se puede deshacer la eliminación de una tarea.",
  "boards_confirmContinue": "¿Continuar?",
  "boards_confirmRemoveAttachment": "Confirmar eliminación de archivos adjuntos",
  "boards_confirmWarningAttachment": "Eliminar un archivo adjunto no se puede deshacer.",
  "boards_confirmRemoveComment": "Confirmar la Eliminación de Comentario",
  "boards_confirmWarningComment": "No se puede deshacer la eliminación de un comentario.",

  "boards_addTask": "Agregar Tarea",
  "boards_editTask": "Editar Tarea",
  "boards_viewTask": "Ver Tarea",
  "boards_removeTask": "Eliminar tarea",
  "boards_moveTask": "Mover a la Columna",

  "boards_taskTitle": "Título",
  "boards_taskTitlePlaceholder": "Tarea Título",
  "boards_taskDescription": "Descripción",
  "boards_taskDescriptionPlaceholder": "¿Qué se necesita hacer?",
  "boards_taskAssignees": "Cesionarios",
  "boards_taskActivity": "Actividad de Tarea",
  "boards_taskCategories": "Categorías",
  "boards_taskColumn": "Columna",
  "boards_taskColor": "Color",
  "boards_taskDateDue": "Fecha de Vencimiento",
  "boards_taskPoints": "Puntos",
  "boards_saveTask": "Guardar Tarea",

  "boards_copyTaskTo": "Copiar a el Tablero",
  "boards_moveTaskTo": "Mover a el Tablero",
  "boards_copyMoveHelp": "La tarea se colocará en la primera columna de la tabla seleccionada.",
  "boards_expandTask": "Expandir Tarea",
  "boards_collapseTask": "Contraer Tarea",
  "boards_taskAssignedTo": "Asignado a",
  "boards_taskUnassigned": "Sin asignar",
  "boards_taskDue": "Debido",
  "boards_taskCategory": "Categoría",
  "boards_taskCurrentColumn": "Columna Actual",

  "boards_taskComments": "Comentarios",
  "boards_taskAddComment": "Agregar Comentario",
  "boards_taskEditComment": "Editar Comentario",
  "boards_taskRemoveComment": "Eliminar Comentario",
  "boards_postedBy": "Publicado por",
  "boards_editedBy": "Editado por",

  "boards_taskAttachments": "Archivos Adjuntos",
  "boards_taskAddAttachment": "Agregar Archivos Adjuntos",
  "boards_taskEditAttachment": "Editar Archivos Adjuntos",
  "boards_taskRemoveAttachment": "Eliminar Archivos Adjuntos",
  "boards_taskNoFileError": "Seleccione un archivo antes de cargarlo.",
  "boards_taskUpload": "Subir",
  "boards_taskUploadedBy": "Subido por",
  "boards_taskUploadedOn": "en",
  "boards_taskView": "Ver",
  "boards_taskDownload": "Descargar",

  "boards_task": "Tarea",
  "boards_taskComplete": "Completo",
  "boards_taskCopied": "copiado a tablero",
  "boards_taskMoved": "movido a tablero",

  "boards_filterByAny": "Alguna",
  "boards_filterByUnassigned": "Sin Asignar",
  "boards_filterByUncategorized": "Sin Categoría",

  "boards_sortByPosition": "Posición",
  "boards_sortByDueDate": "Fecha de Vencimiento",
  "boards_sortByLastModified": "Última Modificación",
  "boards_sortByPoints": "Puntos",

  "dashboard_boardsAndTasks": "Tableros y Tareas",
  "dashboard_myBoards": "Mis Tableros",
  "dashboard_myTasks": "Mis Tareas",
  "dashboard_tasksInCategory": "Tareas En Categoría",
  "dashboard_details": "Detalles"
}

