{
  "api_accessRestricted": "Accès restreint.",
  "api_badLogin": "Nom d'utilisateur ou mot de passe invalide.",
  "api_firstLoginWarn": "Ceci est votre première connexion, allez dans Paramètres pour changer votre mot de passe.",
  "api_firstLogin": "Allez dans Paramètres pour créer votre premier forum.",
  "api_invalidToken": "Jeton d'accès non valide.",
  "api_loggedOut": "Vous avez été déconnecté.",
  "api_noAttachmentId": "Aucune pièce jointe trouvée pour l'ID ",
  "api_noAttachmentHash": "Aucune pièce jointe trouvée pour le hachage ",
  "api_attachmentFailed": "Erreur lors de l'ajout de la pièce jointe. Veuillez réessayer.",
  "api_attachmentSucceed": "Pièce jointe ajoutée.",
  "api_uploadFailed": "Erreur lors du téléchargement de la pièce jointe. Veuillez réessayer.",
  "api_attachmentPermission": "Vous ne disposez pas des autorisations suffisantes pour supprimer cette pièce jointe.",
  "api_attachmentNoRemove": "Erreur lors de la suppression de la pièce jointe. Aucune pièce jointe trouvée pour l'ID ",
  "api_attachmentRemoved": "Pièce jointe supprimée.",
  "api_noActions": "Aucune action automatique dans la base de données.",
  "api_actionError": "Erreur lors de l'ajout d'une action automatique. Veuillez vérifier vos entrées et réessayer.",
  "api_actionAdded": "Action automatique ajoutée.",
  "api_actionRemoveError": "Erreur lors de la suppression de l'action. Aucune action trouvée pour l'ID ",
  "api_actionRemoved": "Action automatique supprimée.",
  "api_noBoards": "Aucune carte dans la base de données.",
  "api_noBoardId": "Aucune carte trouvée pour l'ID ",
  "api_boardError": "Erreur lors de l'ajout de la carte. Veuillez vérifier vos entrées et réessayer.",
  "api_boardAdded": "Carte ajoutée ",
  "api_boardUpdateError": "Erreur lors de la mise à jour du tableau. Veuillez vérifier vos entrées et réessayer.",
  "api_boardUpdated": "Conseil mis à jour ",
  "api_boardRemoveError": "Erreur lors de la suppression de la carte. Aucune carte trouvée pour l'ID ",
  "api_boardRemoved": "Conseil retiré ",
  "api_noColumnId": "Aucune colonne trouvée pour l'ID",
  "api_columnError": "Erreur lors de l'ajout de la colonne. Veuillez réessayer.",
  "api_columnAdded": "Colonne ajoutée ",
  "api_columnUpdateError": "Erreur lors de la mise à jour de la colonne. Veuillez réessayer.",
  "api_columnUpdated": "Colonne mise à jour ",
  "api_columnRemoveError": "Erreur lors de la suppression de la colonne. Aucune colonne trouvée pour l'ID ",
  "api_columnRemoved": "Colonne supprimée",
  "api_noCommentId": "Aucun commentaire trouvé pour l'ID ",
  "api_commentError": "Erreur lors de l'ajout d'un commentaire. Veuillez réessayer.",
  "api_commentAdded": "Commentaire ajouté.",
  "api_commentUpdateError": "Erreur lors de la mise à jour du commentaire. Veuillez réessayer.",
  "api_commentUpdated": "Commentaire mis à jour.",
  "api_commentRemoveError": "Erreur lors de la suppression du commentaire. Aucun commentaire trouvé pour l'ID ",
  "api_commentRemoved": "Commentaire supprimé.",
  "api_noTaskId": "Aucune tâche trouvée pour l'ID ",
  "api_taskError": "Erreur lors de l'ajout d'une tâche. Veuillez vérifier vos entrées et réessayer.",
  "api_taskAdded": "Tâche ajoutée ",
  "api_taskUpdateError": "Erreur de mise à jour de la tâche. Veuillez réessayer.",
  "api_taskUpdated": "Tâche mise à jour ",
  "api_taskRemoveError": "Erreur lors de la suppression de la tâche. Aucune tâche trouvée pour l'ID ",
  "api_taskRemoved": "Tâche supprimée ",
  "api_taskAutoColor": "La couleur de la tâche a été modifiée par une action automatique.",
  "api_taskAutoCategory": "Les catégories de tâches ont été modifiées par une action automatique.",
  "api_taskAutoAssignee": "Les assignés de tâches ont été modifiés par une action automatique.",
  "api_taskAutoDate": "La date d'échéance de la tâche a été effacée par une action automatique.",
  "api_noUserId": "Aucun utilisateur trouvé pour l'ID ",
  "api_userError": "Erreur lors de l'ajout d'un utilisateur. Veuillez vérifier vos entrées et réessayer.",
  "api_userAdded": "Utilisateur ajouté ",
  "api_userUpdateError": "Erreur lors de la mise à jour de l'utilisateur. Veuillez vérifier vos entrées et réessayer.",
  "api_userUpdated": "Utilisateur mis à jour ",
  "api_userOptError": "Erreur de mise à jour des options utilisateur. Veuillez vérifier vos entrées et réessayer.",
  "api_userOptUpdated": "Options utilisateur mises à jour.",
  "api_userRemoveError": "Erreur lors de la suppression de l'utilisateur. Aucun utilisateur trouvé pour l'ID ",
  "api_userRemoved": "Utilisateur supprimé ",
  "api_usernameExists": "Le nom d'utilisateur existe déjà. Modifiez le nom d'utilisateur et réessayez.",
  "api_userBadPword": "Erreur lors de la mise à jour de l'utilisateur. Mot de passe actuel incorrect.",

  "mail_sent":"E-mail envoyé.",
  "mail_error":"E-mail non envoyé.",
  "mail_subject":"Notification TaskBoard",

  "mail_template_openBoardLink": "<br><br><a href=\"%hostUrl%/boards/%boardId%\">Ouvrir TaskBoard</a>",

  "mail_template_newBoard": "%username% a ajouté la carte %boardName%.",
  "mail_template_newComment": "%username% a ajouté un commentaire dans le tableau %boardName%.<br>Tâche: %taskName%<br>Commentaire: %comment%",
  "mail_template_newTask": "%username% a ajouté une tâche dans la carte %boardName%.<br>Tâche: %taskName%<br>Description: %taskDescription%<br>Date d'échéance: %taskDueDate%<br>Destinataires: %taskAssignees%<br>Catégories: %taskCategories%<br>Points: %taskPoints%<br>Colonne: %taskColumnName%<br>Position: %taskPosition%",

  "mail_template_editBoard": "%username% a modifié la carte %boardName%.",
  "mail_template_editComment": "%username% commentaire modifié dans le tableau %boardName%.<br>Tâche: %taskName%<br>Commentaire: %comment%",
  "mail_template_editTask": "%username% tâche modifiée dans la carte %boardName%.<br>Tâche: %taskName%<br>Description: %taskDescription%<br>Date d'échéance: %taskDueDate%<br>Destinataires: %taskAssignees%<br>Catégories: %taskCategories%<br>Points: %taskPoints%<br>Colonne: %taskColumnName%<br>Position: %taskPosition%",

  "mail_template_removeBoard": "%username% a supprimé le tableau %boardName%.",
  "mail_template_removeComment": "%username% a supprimé un commentaire du tableau %boardName%.<br>Tâche: %taskName%",
  "mail_template_removeTask": "%username% a supprimé un tâche du tableau %boardName%<br>Tâche: %taskName%"
}
